{
  "_fv": 4,
  "_type": "structure",
  "definition": {
    "structure": "baobab_tree1",
    "randomlyRotateStructure": true,
    "surfaceDetectionType": "First block",
    "spawnProbability": 20000,
    "spawnLocation": "Ground",
    "spawnHeightOffset": 0,
    "spawnWorldTypes": [
      "Surface"
    ],
    "restrictionBlocks": [
      {
        "value": "Blocks.GRASS"
      }
    ],
    "restrictionBiomes": [
      {
        "value": "savanna"
      },
      {
        "value": "savanna_rock"
      }
    ]
  }
}