{
  "_fv": 4,
  "_type": "plant",
  "definition": {
    "renderType": 12,
    "texture": "black_berry_bush_stage0",
    "customModelName": "Cross model",
    "plantType": "normal",
    "growapableSpawnType": "Plains",
    "growapableMaxHeight": 3,
    "name": "Black Berry",
    "creativeTab": {
      "value": "No creative tab entry"
    },
    "hardness": 0.0,
    "resistance": 0.0,
    "luminance": 0.0,
    "unbreakable": false,
    "soundOnStep": {
      "value": "GROUND"
    },
    "customDrop": {
      "value": "CUSTOM:BlackBerry"
    },
    "dropAmount": 1,
    "isReplaceable": false,
    "isFlammable": false,
    "colorOnMap": "DEFAULT",
    "creativePickItem": {
      "value": ""
    },
    "frequencyOnChunks": 0,
    "spawnWorldTypes": [],
    "restrictionBiomes": [],
    "onEntityCollides": {
      "name": "Bearry5"
    },
    "onRightClicked": {
      "name": "Bearry"
    }
  }
}