{
  "_fv": 4,
  "_type": "gui",
  "definition": {
    "type": 1,
    "width": 352,
    "height": 332,
    "renderBgLayer": true,
    "containerBlock": "OakBarrel",
    "components": [
      {
        "type": "inputslot",
        "data": {
          "inputLimit": {
            "value": ""
          },
          "inventory": "inherited",
          "id": 0,
          "name": "Slot #0",
          "x": 265,
          "y": 108
        }
      },
      {
        "type": "inputslot",
        "data": {
          "inputLimit": {
            "value": ""
          },
          "inventory": "inherited",
          "id": 1,
          "name": "Slot #1",
          "x": 300,
          "y": 108
        }
      },
      {
        "type": "inputslot",
        "data": {
          "inputLimit": {
            "value": ""
          },
          "inventory": "inherited",
          "id": 2,
          "name": "Slot #2",
          "x": 336,
          "y": 108
        }
      },
      {
        "type": "inputslot",
        "data": {
          "inputLimit": {
            "value": ""
          },
          "inventory": "inherited",
          "id": 3,
          "name": "Slot #3",
          "x": 372,
          "y": 108
        }
      },
      {
        "type": "inputslot",
        "data": {
          "inputLimit": {
            "value": ""
          },
          "inventory": "inherited",
          "id": 4,
          "name": "Slot #4",
          "x": 408,
          "y": 108
        }
      },
      {
        "type": "inputslot",
        "data": {
          "inputLimit": {
            "value": ""
          },
          "inventory": "inherited",
          "id": 5,
          "name": "Slot #5",
          "x": 444,
          "y": 108
        }
      },
      {
        "type": "inputslot",
        "data": {
          "inputLimit": {
            "value": ""
          },
          "inventory": "inherited",
          "id": 6,
          "name": "Slot #6",
          "x": 481,
          "y": 108
        }
      },
      {
        "type": "inputslot",
        "data": {
          "inputLimit": {
            "value": ""
          },
          "inventory": "inherited",
          "id": 7,
          "name": "Slot #7",
          "x": 516,
          "y": 108
        }
      },
      {
        "type": "inputslot",
        "data": {
          "inputLimit": {
            "value": ""
          },
          "inventory": "inherited",
          "id": 8,
          "name": "Slot #8",
          "x": 553,
          "y": 108
        }
      },
      {
        "type": "inputslot",
        "data": {
          "inputLimit": {
            "value": ""
          },
          "inventory": "inherited",
          "id": 9,
          "name": "Slot #9",
          "x": 265,
          "y": 144
        }
      },
      {
        "type": "inputslot",
        "data": {
          "inputLimit": {
            "value": ""
          },
          "inventory": "inherited",
          "id": 10,
          "name": "Slot #10",
          "x": 300,
          "y": 144
        }
      },
      {
        "type": "inputslot",
        "data": {
          "inputLimit": {
            "value": ""
          },
          "inventory": "inherited",
          "id": 11,
          "name": "Slot #11",
          "x": 336,
          "y": 144
        }
      },
      {
        "type": "inputslot",
        "data": {
          "inputLimit": {
            "value": ""
          },
          "inventory": "inherited",
          "id": 12,
          "name": "Slot #12",
          "x": 373,
          "y": 144
        }
      },
      {
        "type": "inputslot",
        "data": {
          "inputLimit": {
            "value": ""
          },
          "inventory": "inherited",
          "id": 13,
          "name": "Slot #13",
          "x": 408,
          "y": 144
        }
      },
      {
        "type": "inputslot",
        "data": {
          "inputLimit": {
            "value": ""
          },
          "inventory": "inherited",
          "id": 14,
          "name": "Slot #14",
          "x": 445,
          "y": 144
        }
      },
      {
        "type": "inputslot",
        "data": {
          "inputLimit": {
            "value": ""
          },
          "inventory": "inherited",
          "id": 15,
          "name": "Slot #15",
          "x": 480,
          "y": 144
        }
      },
      {
        "type": "inputslot",
        "data": {
          "inputLimit": {
            "value": ""
          },
          "inventory": "inherited",
          "id": 16,
          "name": "Slot #16",
          "x": 516,
          "y": 144
        }
      },
      {
        "type": "inputslot",
        "data": {
          "inputLimit": {
            "value": ""
          },
          "inventory": "inherited",
          "id": 17,
          "name": "Slot #17",
          "x": 552,
          "y": 144
        }
      },
      {
        "type": "inputslot",
        "data": {
          "inputLimit": {
            "value": ""
          },
          "inventory": "inherited",
          "id": 18,
          "name": "Slot #18",
          "x": 264,
          "y": 180
        }
      },
      {
        "type": "inputslot",
        "data": {
          "inputLimit": {
            "value": ""
          },
          "inventory": "inherited",
          "id": 19,
          "name": "Slot #19",
          "x": 301,
          "y": 180
        }
      },
      {
        "type": "inputslot",
        "data": {
          "inputLimit": {
            "value": ""
          },
          "inventory": "inherited",
          "id": 20,
          "name": "Slot #20",
          "x": 336,
          "y": 180
        }
      },
      {
        "type": "inputslot",
        "data": {
          "inputLimit": {
            "value": ""
          },
          "inventory": "inherited",
          "id": 21,
          "name": "Slot #21",
          "x": 372,
          "y": 180
        }
      },
      {
        "type": "inputslot",
        "data": {
          "inputLimit": {
            "value": ""
          },
          "inventory": "inherited",
          "id": 22,
          "name": "Slot #22",
          "x": 408,
          "y": 180
        }
      },
      {
        "type": "inputslot",
        "data": {
          "inputLimit": {
            "value": ""
          },
          "inventory": "inherited",
          "id": 23,
          "name": "Slot #23",
          "x": 444,
          "y": 180
        }
      },
      {
        "type": "inputslot",
        "data": {
          "inputLimit": {
            "value": ""
          },
          "inventory": "inherited",
          "id": 24,
          "name": "Slot #24",
          "x": 481,
          "y": 180
        }
      },
      {
        "type": "inputslot",
        "data": {
          "inputLimit": {
            "value": ""
          },
          "inventory": "inherited",
          "id": 25,
          "name": "Slot #25",
          "x": 517,
          "y": 180
        }
      },
      {
        "type": "inputslot",
        "data": {
          "inputLimit": {
            "value": ""
          },
          "inventory": "inherited",
          "id": 26,
          "name": "Slot #26",
          "x": 552,
          "y": 180
        }
      },
      {
        "type": "label",
        "data": {
          "text": "Birch Barrel",
          "color": {
            "value": -16777216,
            "falpha": 0.0
          },
          "name": "Birch Barrel",
          "x": 264,
          "y": 84
        }
      }
    ],
    "inventories": []
  }
}