{
  "_fv": 4,
  "_type": "plant",
  "definition": {
    "renderType": 12,
    "texture": "black_berry_bush_stage3",
    "customModelName": "Cross model",
    "plantType": "normal",
    "growapableSpawnType": "Plains",
    "growapableMaxHeight": 3,
    "name": "Black Berry Bush",
    "creativeTab": {
      "value": "No creative tab entry"
    },
    "hardness": 0.0,
    "resistance": 0.0,
    "luminance": 0.0,
    "unbreakable": false,
    "soundOnStep": {
      "value": "GROUND"
    },
    "customDrop": {
      "value": "CUSTOM:BlackBerry"
    },
    "dropAmount": 1,
    "isReplaceable": false,
    "isFlammable": false,
    "colorOnMap": "DEFAULT",
    "creativePickItem": {
      "value": ""
    },
    "frequencyOnChunks": 4,
    "spawnWorldTypes": [
      "Surface"
    ],
    "restrictionBiomes": [
      {
        "value": "taiga"
      },
      {
        "value": "taiga_hills"
      }
    ],
    "onEntityCollides": {
      "name": "Bearry6"
    },
    "onRightClicked": {
      "name": "Bearry4"
    }
  }
}