{
  "_fv": 4,
  "_type": "biome",
  "definition": {
    "name": "Dense Forest",
    "groundBlock": {
      "value": "Blocks.GRASS"
    },
    "undergroundBlock": {
      "value": "Blocks.DIRT#0"
    },
    "generateLakes": true,
    "treeType": 0,
    "vanillaTreeType": "Default",
    "treeStructure": "(no schematic)",
    "minHeight": 7,
    "spawnVines": false,
    "treeVines": {
      "value": "Blocks.AIR"
    },
    "treeStem": {
      "value": "Blocks.AIR"
    },
    "treeBranch": {
      "value": "Blocks.AIR"
    },
    "treeFruits": {
      "value": "Blocks.AIR"
    },
    "customColors": true,
    "airColor": {
      "value": -5916161,
      "falpha": 0.0
    },
    "grassColor": {
      "value": -13261999,
      "falpha": 0.0
    },
    "waterColor": {
      "value": -14329397,
      "falpha": 0.0
    },
    "treesPerChunk": 38,
    "grassPerChunk": 3,
    "flowersPerChunk": 3,
    "mushroomsPerChunk": 0,
    "bigMushroomsChunk": 0,
    "sandPathcesPerChunk": 0,
    "gravelPatchesPerChunk": 0,
    "reedsPerChunk": 5,
    "cactiPerChunk": 0,
    "deadBushesPerChunk": 0,
    "rainingPossibility": 0.5,
    "temperature": 0.5,
    "baseHeight": 0.1,
    "heightVariation": 0.1,
    "spawnBiome": true,
    "biomeWeight": 128,
    "biomeType": "WARM",
    "biomeCategory": "FOREST",
    "parent": {
      "value": "forest"
    },
    "biomeDictionaryTypes": [
      "FOREST"
    ],
    "spawnList": []
  }
}