{
  "_fv": 4,
  "_type": "mob",
  "definition": {
    "mobName": "Frog",
    "mobLabel": "",
    "mobModelTexture": "frog_texture.png",
    "mobModelName": "Modelfrog",
    "modelWidth": 0.6,
    "modelHeight": 1.8,
    "modelShadowSize": 0.5,
    "armorBaseValue": 0.0,
    "hasSpawnEgg": true,
    "spawnEggBaseColor": {
      "value": -15235811,
      "falpha": 0.0
    },
    "spawnEggDotColor": {
      "value": -6758351,
      "falpha": 0.0
    },
    "creativeTab": {
      "value": "MISC"
    },
    "isBoss": false,
    "bossBarColor": "PINK",
    "bossBarType": "PROGRESS",
    "equipmentMainHand": {
      "value": ""
    },
    "equipmentOffHand": {
      "value": ""
    },
    "equipmentHelmet": {
      "value": ""
    },
    "equipmentBody": {
      "value": ""
    },
    "equipmentLeggings": {
      "value": ""
    },
    "equipmentBoots": {
      "value": ""
    },
    "mobBehaviourType": "Creature",
    "mobCreatureType": "UNDEFINED",
    "attackStrength": 3,
    "movementSpeed": 0.3,
    "health": 10,
    "xpAmount": 5,
    "waterMob": false,
    "flyingMob": false,
    "disableCollisions": false,
    "ridable": false,
    "canControlForward": false,
    "canControlStrafe": false,
    "immuneToFire": false,
    "immuneToArrows": false,
    "immuneToFallDamage": false,
    "immuneToCactus": false,
    "immuneToDrowning": false,
    "immuneToLightning": false,
    "immuneToPotions": false,
    "immuneToPlayer": false,
    "mobDrop": {
      "value": "Items.SLIME_BALL"
    },
    "livingSound": {
      "value": ""
    },
    "hurtSound": {
      "value": ""
    },
    "deathSound": {
      "value": ""
    },
    "spawnParticles": false,
    "particleToSpawn": {
      "value": "EXPLOSION_NORMAL"
    },
    "particleSpawningShape": "Spread",
    "particleSpawningRadious": 0.5,
    "particleAmount": 4,
    "particleSpawningCondition": "ALWAYS",
    "hasAI": true,
    "aiBase": "(none)",
    "aixml": "<xml xmlns=\"https://developers.google.com/blockly/xml\"><block type=\"aitasks_container\" deletable=\"false\" x=\"66\" y=\"34\"><next><block type=\"leap_at_target\"><field name=\"speed\">1</field><next><block type=\"swim_in_water\"><next><block type=\"wander\"><field name=\"speed\">0.8</field></block></next></block></next></block></next></block></xml>",
    "breedable": false,
    "breedTriggerItems": [],
    "ranged": false,
    "rangedAttackItem": {
      "value": ""
    },
    "spawnThisMob": true,
    "doesDespawnWhenIdle": true,
    "spawningProbability": 6,
    "mobSpawningType": "creature",
    "minNumberOfMobsPerGroup": 1,
    "maxNumberOfMobsPerGroup": 1,
    "restrictionBiomes": [
      {
        "value": "swamp"
      }
    ],
    "spawnInDungeons": false
  }
}