{
  "_fv": 4,
  "_type": "structure",
  "definition": {
    "structure": "mangrove1_1",
    "randomlyRotateStructure": true,
    "surfaceDetectionType": "First block",
    "spawnProbability": 150000,
    "spawnLocation": "Ground",
    "spawnHeightOffset": 0,
    "spawnWorldTypes": [
      "Surface"
    ],
    "restrictionBlocks": [
      {
        "value": "Blocks.FLOWING_WATER"
      },
      {
        "value": "Blocks.WATER"
      },
      {
        "value": "Blocks.FLOWING_WATER"
      }
    ],
    "restrictionBiomes": [
      {
        "value": "swamp"
      }
    ]
  }
}