{
  "_fv": 4,
  "_type": "structure",
  "definition": {
    "structure": "mistletoe",
    "randomlyRotateStructure": true,
    "surfaceDetectionType": "First block",
    "spawnProbability": 100000,
    "spawnLocation": "Ground",
    "spawnHeightOffset": 0,
    "spawnWorldTypes": [
      "Surface"
    ],
    "restrictionBlocks": [
      {
        "value": "Blocks.GRASS"
      }
    ],
    "restrictionBiomes": [
      {
        "value": "forest"
      },
      {
        "value": "forest_hills"
      }
    ]
  }
}