{
  "_fv": 4,
  "_type": "recipe",
  "definition": {
    "recipeType": "Crafting",
    "recipeRetstackSize": 1,
    "recipeShapeless": true,
    "recipeReturnStack": {
      "value": "CUSTOM:MossyAcaciaPlanks"
    },
    "recipeSlots": [
      {
        "value": "Blocks.PLANKS#4"
      },
      {
        "value": "Blocks.VINE"
      },
      {
        "value": ""
      },
      {
        "value": ""
      },
      {
        "value": ""
      },
      {
        "value": ""
      },
      {
        "value": ""
      },
      {
        "value": ""
      },
      {
        "value": ""
      }
    ],
    "smeltingXPReward": 0.0,
    "smeltingRetstackSize": 1
  }
}