{
  "_fv": 4,
  "_type": "structure",
  "definition": {
    "structure": "palm",
    "randomlyRotateStructure": true,
    "surfaceDetectionType": "First block",
    "spawnProbability": 40000,
    "spawnLocation": "Ground",
    "spawnHeightOffset": 0,
    "spawnWorldTypes": [
      "Surface"
    ],
    "restrictionBlocks": [
      {
        "value": "Blocks.SAND#0"
      }
    ],
    "restrictionBiomes": [
      {
        "value": "desert"
      },
      {
        "value": "beaches"
      }
    ]
  }
}