{
  "_fv": 4,
  "_type": "plant",
  "definition": {
    "renderType": 12,
    "texture": "poinsettia",
    "customModelName": "Cross model",
    "plantType": "normal",
    "growapableSpawnType": "Plains",
    "growapableMaxHeight": 3,
    "name": "Poinsettia",
    "creativeTab": {
      "value": "DECORATIONS"
    },
    "hardness": 0.0,
    "resistance": 0.0,
    "luminance": 0.0,
    "unbreakable": false,
    "soundOnStep": {
      "value": "GROUND"
    },
    "customDrop": {
      "value": ""
    },
    "dropAmount": 1,
    "isReplaceable": false,
    "isFlammable": false,
    "colorOnMap": "DEFAULT",
    "creativePickItem": {
      "value": ""
    },
    "frequencyOnChunks": 1,
    "spawnWorldTypes": [
      "Surface"
    ],
    "restrictionBiomes": [
      {
        "value": "snowy_tundra"
      },
      {
        "value": "taiga_cold"
      }
    ]
  }
}