{
  "_fv": 4,
  "_type": "block",
  "definition": {
    "texture": "redwood_barrel_bottom",
    "textureTop": "redwood_barrel_top",
    "textureLeft": "redwood_barrel_side",
    "textureFront": "redwood_barrel_side",
    "textureRight": "redwood_barrel_side",
    "textureBack": "redwood_barrel_side",
    "renderType": 10,
    "customModelName": "Normal",
    "rotationMode": 5,
    "hasTransparency": false,
    "transparencyType": "SOLID",
    "mx": 0.0,
    "my": 0.0,
    "mz": 0.0,
    "Mx": 1.0,
    "My": 1.0,
    "Mz": 1.0,
    "faceShape": "SOLID",
    "name": "Redwood Barrel",
    "specialInfo": [],
    "hardness": 2.5,
    "resistance": 12.5,
    "hasGravity": false,
    "creativeTab": {
      "value": "DECORATIONS"
    },
    "destroyTool": "axe",
    "affectedBySilkTouch": false,
    "customDrop": {
      "value": ""
    },
    "dropAmount": 1,
    "isBeaconBase": false,
    "enchantPowerBonus": 0.0,
    "plantsGrowOn": false,
    "canProvidePower": false,
    "lightOpacity": 255,
    "material": {
      "value": "WOOD"
    },
    "tickRate": 10,
    "isReplaceable": false,
    "isFlammable": true,
    "colorOnMap": "DEFAULT",
    "creativePickItem": {
      "value": ""
    },
    "isNotColidable": false,
    "soundOnStep": {
      "value": "WOOD"
    },
    "luminance": 0.0,
    "unbreakable": false,
    "breakHarvestLevel": 1,
    "spawnParticles": false,
    "particleToSpawn": {
      "value": "EXPLOSION_NORMAL"
    },
    "particleSpawningShape": "Spread",
    "particleSpawningRadious": 0.5,
    "particleAmount": 4,
    "particleSpawningCondition": "ALWAYS",
    "hasInventory": true,
    "inventorySize": 27,
    "inventoryStackSize": 64,
    "inventoryDropWhenDestroyed": true,
    "inventoryComparatorPower": true,
    "inventoryOutSlotIDs": [],
    "onRightClicked": {
      "name": "Redwood5"
    },
    "spawnWorldTypes": [],
    "restrictionBiomes": [],
    "blocksToReplace": [],
    "frequencyPerChunks": 10,
    "frequencyOnChunk": 16,
    "minGenerateHeight": 0,
    "maxGenerateHeight": 64
  }
}