{
  "_fv": 4,
  "_type": "recipe",
  "definition": {
    "recipeType": "Crafting",
    "recipeRetstackSize": 4,
    "recipeShapeless": true,
    "recipeReturnStack": {
      "value": "CUSTOM:CherryStairs"
    },
    "recipeSlots": [
      {
        "value": "CUSTOM:CherryPlanks"
      },
      {
        "value": ""
      },
      {
        "value": ""
      },
      {
        "value": "CUSTOM:CherryPlanks"
      },
      {
        "value": "CUSTOM:CherryPlanks"
      },
      {
        "value": ""
      },
      {
        "value": "CUSTOM:CherryPlanks"
      },
      {
        "value": "CUSTOM:CherryPlanks"
      },
      {
        "value": "CUSTOM:CherryPlanks"
      }
    ],
    "smeltingXPReward": 0.0,
    "smeltingRetstackSize": 1
  }
}