{
	"credit": "Made with Blockbench",
	"textures": {
		"0": "EVRemastered:blocks/blue_rose_bush_bottom",
		"1": "EVRemastered:blocks/blue_rose_bush_top",
		"particle": "EVRemastered:blocks/blue_rose_bush_bottom"
	},
	"elements": [
		{
			"from": [8, 0, -1],
			"to": [8, 16, 17],
			"rotation": {"angle": 45, "axis": "y", "origin": [8, 8, 8]},
			"faces": {
				"east": {"uv": [0, 0, 16, 16], "texture": "#0"},
				"south": {"uv": [0, 0, 1, 16], "texture": "#missing"},
				"west": {"uv": [0, 0, 16, 16], "texture": "#0"},
				"up": {"uv": [0, 0, 1, 16], "texture": "#missing"},
				"down": {"uv": [0, 0, 1, 16], "texture": "#missing"}
			}
		},
		{
			"from": [8, 16, -1],
			"to": [8, 32, 17],
			"rotation": {"angle": 45, "axis": "y", "origin": [8, 8, 8]},
			"faces": {
				"east": {"uv": [0, 0, 16, 16], "texture": "#1"},
				"south": {"uv": [0, 0, 1, 16], "texture": "#missing"},
				"west": {"uv": [0, 0, 16, 16], "texture": "#1"},
				"up": {"uv": [0, 0, 1, 16], "texture": "#missing"},
				"down": {"uv": [0, 0, 1, 16], "texture": "#missing"}
			}
		},
		{
			"from": [-1, 16, 8],
			"to": [17, 32, 8],
			"rotation": {"angle": 45, "axis": "y", "origin": [8, 8, 8]},
			"faces": {
				"north": {"uv": [0, 0, 16, 16], "texture": "#1"},
				"east": {"uv": [0, 0, 1, 16], "texture": "#missing"},
				"south": {"uv": [0, 0, 16, 16], "texture": "#1"},
				"up": {"uv": [0, 0, 1, 16], "rotation": 270, "texture": "#missing"},
				"down": {"uv": [0, 0, 1, 16], "rotation": 90, "texture": "#missing"}
			}
		},
		{
			"from": [-1, 0, 8],
			"to": [17, 16, 8],
			"rotation": {"angle": 45, "axis": "y", "origin": [8, 8, 8]},
			"faces": {
				"north": {"uv": [0, 0, 16, 16], "texture": "#0"},
				"east": {"uv": [0, 0, 1, 16], "texture": "#missing"},
				"south": {"uv": [0, 0, 16, 16], "texture": "#0"},
				"up": {"uv": [0, 0, 1, 16], "rotation": 270, "texture": "#missing"},
				"down": {"uv": [0, 0, 1, 16], "rotation": 90, "texture": "#missing"}
			}
		}
	]
}